NPP_2002,NPP_2022,NDVI_2002,NDVI_2022,GEOID,AWATER,LSAD,CBSAFP,STATEFP,COUNTYFP,CSAFP,FUNCSTAT,INTPTLAT,CLASSFP,NAME,NAMELSAD,COUNTYNS,INTPTLON,MTFCC,ALAND,system:index,METDIVFP
663.9564838990445,858.0005802146818,0.138939227557675,0.149781202305723,04001,54152352,06,,04,001,,A,+35.3850840,H1,Apache,Apache County,00025441,-109.4901722,G4020,29001320728,0000000000000000054d,
980.9178920213715,1304.4702413856596,0.18202018953726462,0.1900461904639719,04005,110123852,06,22380,04,005,,A,+35.8296919,H1,Coconino,Coconino County,00025443,-111.7737277,G4020,48222143094,0000000000000000054e,
911.1213337449843,1103.4303797468367,0.17670296656241213,0.17048754849188585,04017,24078113,06,43320,04,017,,A,+35.3907852,H1,Navajo,Navajo County,00042808,-110.3210248,G4020,25770094216,00000000000000000554,
954.9124944287596,1446.5392586539851,0.1850070701482623,0.21026571224235135,04015,387309657,06,29420,04,015,332,A,+35.7177050,H1,Mohave,Mohave County,00025445,-113.7496891,G4020,34475503959,00000000000000000675,
1623.7510760836592,2332.3220369808982,0.2573211695243615,0.24287688380836409,08081,19803411,06,18780,08,081,525,A,+40.6108644,H1,Moffat,Moffat County,00198156,-108.2171545,G4020,12284943825,00000000000000000055,
1589.744726492672,1939.1875223453715,0.2316796451166624,0.24504250672304206,08113,5204095,06,,08,113,,A,+38.0093190,H1,San Miguel,San Miguel County,00198172,-108.4272635,G4020,3332606119,000000000000000005b2,
1072.7449413365061,1525.3763815677587,0.17669967581674195,0.1831322057768937,08103,4868111,06,,08,103,,A,+39.9726223,H1,Rio Blanco,Rio Blanco County,00198167,-108.2007155,G4020,8342275042,000000000000000005b8,
924.4697061191646,1069.8658413848652,0.14263291106560264,0.14585082003080607,08083,27261089,06,,08,083,,A,+37.3380247,H1,Montezuma,Montezuma County,00198157,-108.5957864,G4020,5255937129,000000000000000005ba,
1489.272184194154,1911.793030491603,0.22401590108492778,0.2573938297123999,08033,2716141,06,,08,033,,A,+37.7117226,H1,Dolores,Dolores County,00198132,-108.5241156,G4020,2763958517,000000000000000005c7,
1605.1749303621123,2236.8924233983216,0.24630715511423826,0.25686708907741185,08077,31440501,06,24300,08,077,,A,+39.0194206,H1,Mesa,Mesa County,00198154,-108.4618935,G4020,8621899288,000000000000000005d5,
2180.831394513861,2800.5601034037086,0.33407837139164176,0.325995405528602,08085,4923260,06,33940,08,085,,A,+38.4075069,H1,Montrose,Montrose County,00198158,-108.2662815,G4020,5804023559,000000000000000005d6,
1891.7363119415124,2889.1008935824593,0.3108525949210614,0.3060762208172928,08045,21398401,06,24060,08,045,233,A,+39.5993517,H1,Garfield,Garfield County,00198138,-107.9097802,G4020,7634105497,00000000000000000887,
2013.4340364102932,2363.442056299619,0.23248539221538134,0.2553998095355528,16071,3995237,06,,16,071,,A,+42.1838954,H1,Oneida,Oneida County,00399759,-112.5204486,G4020,3105269252,00000000000000000354,
2147.688711762171,2277.389056441188,0.12822490133100556,0.12365200683466741,16007,191364280,06,,16,007,,A,+42.2858922,H1,Bear Lake,Bear Lake County,00395090,-111.3275168,G4020,2527123157,0000000000000000035a,
1758.7410295029686,1838.23823868167,0.2119653552952416,0.210655201251151,16031,39160677,06,15420,16,031,,A,+42.2823130,H1,Cassia,Cassia County,00395698,-113.6263276,G4020,6644895771,0000000000000000035e,
2673.2766203703736,2852.5879629629662,0.29122847893183085,0.2809935034219006,16041,12153472,06,30860,16,041,,A,+42.1736093,H1,Franklin,Franklin County,00395585,-111.8229653,G4020,1717211129,00000000000000000364,
931.4130520246337,1145.8898899226788,0.15035238144886148,0.1470214927080672,32033,54678877,06,,32,033,,A,+39.4182344,H1,White Pine,White Pine County,00858615,-114.9006050,G4020,22985104184,00000000000000000716,
1474.9073469735151,2018.215726893489,0.25150900533869847,0.24262200402962492,32017,9802713,06,,32,017,,A,+37.6346050,H1,Lincoln,Lincoln County,00863992,-114.8630367,G4020,27540342238,00000000000000000718,
1221.83862298052,1190.4795409935064,0.16565944899359458,0.15377651665026074,32007,85777240,06,21220,32,007,,A,+41.1411327,H1,Elko,Elko County,00857664,-115.3514239,G4020,44468026648,0000000000000000071c,
678.695652173913,762.1304347826087,0.09239603024574668,0.0943538752362949,35045,54969313,06,22140,35,045,,A,+36.5116245,H1,San Juan,San Juan County,00936844,-108.3245778,G4020,14289489115,00000000000000000730,
3580.949523729185,4210.066442870042,0.321337207535972,0.3040769576744069,49051,79114523,06,25720,49,051,482,A,+40.3348838,H1,Wasatch,Wasatch County,01448039,-111.1615683,G4020,3048467971,00000000000000000014,
3338.3398964745097,3439.9772320827688,0.12413594876775787,0.2146379262945263,49011,870693255,06,36260,49,011,482,A,+41.0375594,H1,Davis,Davis County,01448020,-112.2019434,G4020,774500758,00000000000000000015,
1631.743113830031,1672.0649578426287,0.12814922358936526,0.1467273427483574,49003,2547651536,06,36260,49,003,482,A,+41.3004660,H1,Box Elder,Box Elder County,01455966,-113.1268080,G4020,14881016770,00000000000000000016,
3497.509442811896,3957.0635231268034,0.3223157149877654,0.3115704636257524,49029,4437369,06,36260,49,029,482,A,+41.0910273,H1,Morgan,Morgan County,01448028,-111.5778846,G4020,1577739393,00000000000000000017,
3469.210914048361,3698.640245543964,0.27851563757347997,0.292280403254081,49057,216457956,06,36260,49,057,482,A,+41.2703252,H1,Weber,Weber County,01448042,-111.8768830,G4020,1492522446,00000000000000000018,
2793.351760607684,3408.3507256001835,0.29158981455050464,0.28707399423670155,49049,364153797,06,39340,49,049,482,A,+40.1204248,H1,Utah,Utah County,01448038,-111.6685082,G4020,5189357942,00000000000000000019,
1145.6623672893961,1565.5351523407276,0.16715698064468623,0.1805579051928309,49023,36542088,06,39340,49,023,482,A,+39.7141200,H1,Juab,Juab County,01455158,-112.7904710,G4020,8784407493,0000000000000000001a,
2622.72834268919,2974.0840503308027,0.27914427385439655,0.2795478610965905,49035,164903351,06,41620,49,035,482,A,+40.6678828,H1,Salt Lake,Salt Lake County,01448031,-111.9242397,G4020,1921943668,0000000000000000001b,
1297.134577169674,1556.0996924261592,0.11890406630812504,0.13512821349780965,49045,891073715,06,41620,49,045,482,A,+40.4677525,H1,Tooele,Tooele County,01448036,-113.1239786,G4020,17979556881,0000000000000000001c,
3203.018353050611,3760.9103156487045,0.31026921301783666,0.2841428090666387,49043,26615946,06,44920,49,043,482,A,+40.8720603,H1,Summit,Summit County,01448035,-110.9684862,G4020,4844778489,0000000000000000001d,
2316.557866222024,2671.825999557954,0.20281053322892317,0.20551066160872467,49033,149106532,06,,49,033,,A,+41.6275976,H1,Rich,Rich County,01448030,-111.2402269,G4020,2664700964,00000000000000000278,
1847.6392173652623,2398.3789886249806,0.2400411914073174,0.24138981995512485,49013,38797815,06,,49,013,,A,+40.2893927,H1,Duchesne,Duchesne County,01448021,-110.4295838,G4020,8379502727,00000000000000000279,
1045.980244871829,1374.689683655416,0.15791260606011615,0.16521514658345648,49027,600835681,06,,49,027,,A,+39.0945348,H1,Millard,Millard County,01448027,-113.5250088,G4020,17106839710,0000000000000000027a,
1394.5104772730863,1839.1359930828748,0.21651442660639955,0.21725242053597885,49025,306169207,06,,49,025,,A,+37.2750892,H1,Kane,Kane County,01448026,-111.8153290,G4020,10333912578,0000000000000000027b,
2248.947380084929,2737.4008151878693,0.27849994824956986,0.2633429711196098,49041,20260738,06,,49,041,,A,+38.7468245,H1,Sevier,Sevier County,01448034,-111.8119299,G4020,4947999999,0000000000000000027c,
1530.3535671760146,1967.0731971815358,0.2338119471698492,0.22336561649867354,49017,85610783,06,,49,017,,A,+37.8316645,H1,Garfield,Garfield County,01448023,-111.4509076,G4020,13403572581,0000000000000000027d,
2168.642420873412,2674.767640662557,0.2729496608263044,0.24714492862419774,49031,20285697,06,,49,031,,A,+38.3358805,H1,Piute,Piute County,01448029,-112.1293755,G4020,1964345863,0000000000000000027e,
987.6599782711702,1225.0723744341292,0.1598295748906034,0.15809209673594798,49015,24843841,06,,49,015,,A,+39.0090246,H1,Emery,Emery County,01448022,-110.7210999,G4020,11557242839,0000000000000000027f,
2114.849339873606,3004.95535953169,0.30831949068014364,0.3068145893731474,49009,61230034,06,,49,009,,A,+40.8900990,H1,Daggett,Daggett County,01448019,-109.5057855,G4020,1805185916,00000000000000000280,
1140.3463665254594,1383.6874279122876,0.20136719724709992,0.20113195057976874,49037,293860285,06,,49,037,,A,+37.6026332,H1,San Juan,San Juan County,01448032,-109.7915742,G4020,20253132571,00000000000000000281,
1137.3358561479467,1626.7432047798554,0.2087510389135007,0.21129933925090635,49019,31552275,06,,49,019,,A,+38.9743261,H1,Grand,Grand County,01448024,-109.5734502,G4020,9512361710,00000000000000000282,
1564.4995970494667,2016.27023313787,0.23063394650267588,0.227268906529247,49001,5298466,06,,49,001,,A,+38.3575350,H1,Beaver,Beaver County,01448015,-113.2389481,G4020,6689681807,00000000000000000283,
995.5155207051624,1279.8478792383476,0.16524777140642297,0.16681640036741233,49055,15049641,06,,49,055,,A,+38.2598402,H1,Wayne,Wayne County,01448041,-110.9908770,G4020,6374011501,00000000000000000284,
2520.857149274048,3137.768939130572,0.27668220315347863,0.27120578163815356,49039,32049371,06,,49,039,,A,+39.3825309,H1,Sanpete,Sanpete County,01448033,-111.5728826,G4020,4117901470,00000000000000000285,
1788.520000272373,2405.964500679322,0.24643136774161042,0.24759516268487208,49021,11390956,06,16260,49,021,,A,+37.9093044,H1,Iron,Iron County,01448025,-113.3067405,G4020,8537474421,00000000000000000286,
3232.7702712677174,3554.3159684507887,0.3243579884382155,0.3266650733269088,49005,21097697,06,30860,49,005,,A,+41.7341174,H1,Cache,Cache County,01448017,-111.7453987,G4020,3016638905,00000000000000000287,
1739.3039925071023,2319.500449588743,0.25860880303317074,0.25179995744972283,49007,15844443,06,39220,49,007,,A,+39.6732840,H1,Carbon,Carbon County,01448018,-110.5884845,G4020,3831067717,00000000000000000288,
1645.3758258411517,2459.4411426328015,0.27190342568088843,0.28314438788887786,49053,7781671,06,41100,49,053,,A,+37.2625308,H1,Washington,Washington County,01448040,-113.4878003,G4020,6287037057,00000000000000000289,
1287.3962721232788,1865.4994055761047,0.19364859099347284,0.207939777678159,49047,56115725,06,46860,49,047,,A,+40.1258872,H1,Uintah,Uintah County,01448037,-109.5177482,G4020,11609319533,0000000000000000028a,
1803.137400414715,2206.392666157375,0.1652171242050541,0.18774127537160373,56023,49947393,06,,56,023,,A,+42.2299932,H1,Lincoln,Lincoln County,01605076,-110.6829614,G4020,10555073745,00000000000000000438,
2279.2806779002567,2816.0635652891738,0.22098639765728767,0.21485810299712332,56041,16625817,06,21740,56,041,,A,+41.2847255,H1,Uinta,Uinta County,01605084,-110.5589468,G4020,5391631764,00000000000000000448,
1656.0037013047086,2635.124548903487,0.17817112654988929,0.21505138857138958,56037,166230251,06,40540,56,037,,A,+41.6603282,H1,Sweetwater,Sweetwater County,01609192,-108.8756774,G4020,27005754244,0000000000000000044d,
